	Healthy	Healthy_Remdesivir	CoV_Infected	CoV_Infected_Remdesivir
C0	0.49748522214059154	0.5742665765977104	-1.4972292146765562	0.4254774159382543
C1	-0.5155934955443646	-0.6196532493004948	1.4911493905029323	-0.3559026456580713
